{"_step":6299,"val_loss":0.3948310315608978,"_wandb":{"runtime":20},"_runtime":20,"train_loss":0.39211350679397583,"samples":8000,"epoch":50,"_timestamp":1.757667368014417e+09}