{"epoch":300,"2gram_kl_val":0.07866220921278,"3gram_kl_val":0.3889318108558655,"_timestamp":1.757781460289696e+09,"1gram_kl_train":0.23325298726558685,"2gram_kl_train":0.07866220921278,"1gram_kl_complete":0.23325298726558685,"2gram_kl_complete":0.07866220921278,"_step":37799,"val_loss":0.3561268150806427,"3gram_kl_complete":0.3889318108558655,"samples":8000,"train_loss":0.35042884945869446,"_runtime":4044,"3gram_kl_train":0.3889318108558655,"1gram_kl_val":0.23325298726558685,"_wandb":{"runtime":4044},"in_context_learning":-Infinity}