{"_wandb":{"runtime":578},"2gram_kl_train":0.9908214211463928,"val_loss":0.3562922775745392,"samples":8000,"in_context_learning":-Infinity,"3gram_kl_complete":1.7238328456878662,"3gram_kl_val":1.7238328456878662,"_runtime":578.602498084,"1gram_kl_complete":2.50344181060791,"2gram_kl_complete":0.9908214211463928,"2gram_kl_val":0.9908214211463928,"train_loss":0.3500584065914154,"_step":37500,"epoch":300,"_timestamp":1.757790328581123e+09,"1gram_kl_train":2.50344181060791,"1gram_kl_val":2.50344181060791,"3gram_kl_train":1.7238328456878662}